{"styles":[{"name":"Main Title Style","font":"Roboto-Regular","size":24,"color":{"red":0,"green":0,"blue":0,"alpha":1},"alignment":2,"spacing":null,"lineHeight":21,"paragraphSpacing":0,"textTransform":0,"strikethrough":null,"underline":null},{"name":"Label Text-Dark Style","font":"Roboto-Regular","size":16,"color":{"red":0.290221631526947,"green":0.2901752889156342,"blue":0.2902374565601349,"alpha":1},"alignment":2,"spacing":null,"lineHeight":23,"paragraphSpacing":0,"textTransform":0,"strikethrough":null,"underline":null},{"name":"Label-Placeholder Text Style","font":"Roboto-Regular","size":14,"color":{"red":0.6,"green":0.6,"blue":0.6,"alpha":1},"alignment":0,"spacing":null,"lineHeight":0,"paragraphSpacing":0,"textTransform":0,"strikethrough":null,"underline":null},{"name":"Link Text Style","font":"Roboto-Regular","size":14,"color":{"red":0.2901960784313725,"green":0.5647058823529412,"blue":0.8862745098039215,"alpha":1},"alignment":1,"spacing":null,"lineHeight":0,"paragraphSpacing":0,"textTransform":0,"strikethrough":null,"underline":null},{"name":"Menu Text Style","font":"Roboto-Medium","size":21,"color":{"red":0,"green":0,"blue":0,"alpha":1},"alignment":2,"spacing":null,"lineHeight":0,"paragraphSpacing":0,"textTransform":0,"strikethrough":null,"underline":null},{"name":"Menu Text Option-Normal Style","font":"Roboto-Regular","size":16,"color":{"red":0,"green":0,"blue":0,"alpha":1},"alignment":2,"spacing":null,"lineHeight":0,"paragraphSpacing":0,"textTransform":0,"strikethrough":null,"underline":null},{"name":"Menu Text Option-Active Style","font":"Roboto-Bold","size":16,"color":{"red":0.288655698299408,"green":0.5645518898963928,"blue":0.886238694190979,"alpha":1},"alignment":1,"spacing":null,"lineHeight":0,"paragraphSpacing":0,"textTransform":0,"strikethrough":null,"underline":null},{"name":"Paragraph Text Style","font":"Roboto-Regular","size":13,"color":{"red":0.290221631526947,"green":0.2901752889156342,"blue":0.2902374565601349,"alpha":1},"alignment":0,"spacing":null,"lineHeight":23,"paragraphSpacing":0,"textTransform":0,"strikethrough":null,"underline":null},{"name":"Label Text- Small Style","font":"Roboto-Regular","size":11,"color":{"red":0.6078261733055115,"green":0.6078400015830994,"blue":0.6078516244888306,"alpha":1},"alignment":0,"spacing":null,"lineHeight":0,"paragraphSpacing":0,"textTransform":0,"strikethrough":null,"underline":null},{"name":"Pragraph Text Small","font":"AktivGrotesk-Regular","size":12,"color":{"red":0,"green":0,"blue":0,"alpha":1},"alignment":0,"spacing":null,"lineHeight":0,"paragraphSpacing":0,"textTransform":0,"strikethrough":null,"underline":null},{"name":"Label Text-Bold Style","font":"Roboto-Bold","size":16,"color":{"red":0.290221631526947,"green":0.2901752889156342,"blue":0.2902374565601349,"alpha":1},"alignment":0,"spacing":null,"lineHeight":0,"paragraphSpacing":0,"textTransform":0,"strikethrough":null,"underline":null},{"name":"Main Title Light Style","font":"Roboto-Bold","size":21,"color":{"red":0.6,"green":0.6,"blue":0.6,"alpha":1},"alignment":0,"spacing":-0.15841194987297058,"lineHeight":0,"paragraphSpacing":0,"textTransform":0,"strikethrough":null,"underline":null}]}